gain_m,freq_gain,phase_m,freq_phase
25.9983976092169,1.00875112180478,73.5833882856365,0.11499387350365
Inf,Inf,0,0
