gain_m,freq_gain,phase_m,freq_phase
25.5517136500138,1.00875197459426,-180,0
Inf,Inf,0,0
