gain_m,freq_gain,phase_m,freq_phase
28.5463202094583,0.805843912421625,74.0432432753303,0.0790837780344415
Inf,Inf,0,0
