gain_m,freq_gain,phase_m,freq_phase
13.7960032793818,1.00875112180478,42.252596978069,0.377689157940898
Inf,Inf,0,0
