gain_m,freq_gain,phase_m,freq_phase
11.1952601912038,1.04128884291576,-180,0
Inf,Inf,49.9473672386207,0.602066645861133
