gain_m,freq_gain,phase_m,freq_phase
16.813288604011,0.806065299341242,-180,0
Inf,Inf,74.7878524461724,0.312755943867745
