gain_m,freq_gain,phase_m,freq_phase
28.2197171885857,0.806051532963083,-180,0
Inf,Inf,0,0
