gain_m,freq_gain,phase_m,freq_phase
17.9798125071577,0.805843912421625,48.9543022787349,0.225044706400693
Inf,Inf,0,0
