gain_m,freq_gain,phase_m,freq_phase
25.8456570075694,1.04125167229102,73.5805620276838,0.119654533703462
Inf,Inf,0,0
