gain_m,freq_gain,phase_m,freq_phase
11.8119809011876,1.00878359057032,-180,0
Inf,Inf,53.1577860165606,0.559205741444651
