gain_m,freq_gain,phase_m,freq_phase
25.3908343643139,1.04125236885559,-180,0
Inf,Inf,0,0
