gain_m,freq_gain,phase_m,freq_phase
13.3088055657039,1.04125167229102,41.1106639921641,0.404398144954511
Inf,Inf,0,0
