gain_m,freq_gain,phase_m,freq_phase
1.62938513059371,0,17.7502087697414,0.354960437850587
-7.77951750506111,1.16417690426045,-89.7859936562673,3.4761777064925
