gain_m,freq_gain,phase_m,freq_phase
1.57320865997148,0,17.5142049097332,0.375285027484942
-7.90273926016808,1.25327032187512,-91.25342381702,3.7573932864801
