gain_m,freq_gain,phase_m,freq_phase
3.68325799946229,0,19.8654580429514,0.332017202377151
-4.81593526935193,0.636509552669598,-74.8967268818723,1.54874703364114
