gain_m,freq_gain,phase_m,freq_phase
15.8540414358886,8.48539060736796,-180,0
