gain_m,freq_gain,phase_m,freq_phase
13.0982546726177,0,0,0
11.0377155972272,0.636955826257525,0,0
