gain_m,freq_gain,phase_m,freq_phase
15.8270994101446,8.40827204303478,-180,0
