gain_m,freq_gain,phase_m,freq_phase
16.6731212972999,8.20192098103776,67.1208480004703,1.95768072414968
