gain_m,freq_gain,phase_m,freq_phase
15.2959688460937,8.20216447400981,-180,0
