gain_m,freq_gain,phase_m,freq_phase
7.52511300739434,0,0,0
3.9856121382772,1.25326398099222,0,0
