gain_m,freq_gain,phase_m,freq_phase
7.83976016840594,0,0,0
4.44490027775653,1.16352760352133,0,0
