gain_m,freq_gain,phase_m,freq_phase
17.1279874988553,8.40781811548674,77.7153323520902,1.82237152790316
