gain_m,freq_gain,phase_m,freq_phase
17.1511836615591,8.48493201265894,80.0977940705385,1.79092692500212
